,Company,Revenue Growth (%),Net Income Growth (%),Assets Growth (%),Liabilities Growth (%),Cash Flow from Operations Growth(%)
0,Apple,-1.5827622992996615,0.30966705573600417,-0.9611967762146123,-1.5981829555855727,-2.760561260947167
1,Microsoft,-8.802177542801747,-8.285568973848527,-9.879146006851824,-5.617761238060612,-9.567806089714523
2,Tesla,-12.672850869047977,9.744044740697763,-11.828603523331724,-7.860648100636226,-5.503261087682543
